country,country_code,year,health_exp,life_expect,maternal_mortality,infant_mortality,neonatal_mortality,under_5_mortality,prev_hiv,inci_tuberc,prev_undernourishment,Income_Status
Brunei Darussalam,BRN,1999,2.5479064,73.863,50.0,8.6,4.9,10.7,,108.0,,High/Upper-Mid Income
Brunei Darussalam,BRN,2000,2.5479064,74.08,50.0,8.4,4.9,10.3,,108.0,,High/Upper-Mid Income
Brunei Darussalam,BRN,2001,2.5465107,74.276,50.0,8.2,5.0,10.0,,75.0,,High/Upper-Mid Income
Brunei Darussalam,BRN,2002,2.53447938,74.426,51.0,8.0,5.0,9.8,,78.0,,High/Upper-Mid Income
Brunei Darussalam,BRN,2003,2.60260582,74.561,46.0,7.9,5.0,9.6,,69.0,,High/Upper-Mid Income
Brunei Darussalam,BRN,2004,2.55193377,74.65,46.0,7.9,5.0,9.5,,60.0,,High/Upper-Mid Income
Brunei Darussalam,BRN,2005,2.23386168,74.731,46.0,7.8,5.0,9.5,,52.0,,High/Upper-Mid Income
Brunei Darussalam,BRN,2006,1.9072516,74.783,46.0,7.9,4.9,9.5,,64.0,,High/Upper-Mid Income
Brunei Darussalam,BRN,2007,1.94145441,74.818,48.0,7.9,4.9,9.5,,65.0,,High/Upper-Mid Income
Brunei Darussalam,BRN,2008,1.87612021,74.84,48.0,8.0,4.8,9.5,,68.0,,High/Upper-Mid Income
Brunei Darussalam,BRN,2009,2.39306617,74.846,42.0,8.1,4.8,9.6,,64.0,,High/Upper-Mid Income
Brunei Darussalam,BRN,2010,2.27826095,74.849,42.0,8.1,4.8,9.7,,69.0,,High/Upper-Mid Income
Brunei Darussalam,BRN,2011,1.86409724,74.858,42.0,8.2,4.8,9.7,,66.0,,High/Upper-Mid Income
Brunei Darussalam,BRN,2012,1.85097206,74.827,43.0,8.3,4.8,9.8,,69.0,,High/Upper-Mid Income
Brunei Darussalam,BRN,2013,1.898314,74.799,43.0,8.4,4.8,9.9,,59.0,,High/Upper-Mid Income
Brunei Darussalam,BRN,2014,1.91436803,74.779,44.0,8.5,4.9,9.9,,55.0,,High/Upper-Mid Income
Brunei Darussalam,BRN,2015,2.38708901,74.75,45.0,8.5,5.0,9.9,,58.0,,High/Upper-Mid Income
Brunei Darussalam,BRN,2016,2.54828691,74.733,45.0,8.5,5.1,9.9,,65.0,,High/Upper-Mid Income
Brunei Darussalam,BRN,2017,2.27022862,74.722,45.0,8.6,5.1,9.9,,63.0,,High/Upper-Mid Income
Brunei Darussalam,BRN,2018,2.41289377,74.712,45.0,8.6,5.2,9.9,,66.0,,High/Upper-Mid Income
Brunei Darussalam,BRN,2019,2.19410944,74.748,45.0,8.6,5.2,9.9,,63.0,,High/Upper-Mid Income
Brunei Darussalam,BRN,2020,2.39334464,74.795,44.0,8.6,5.1,9.8,,81.0,,High/Upper-Mid Income
Brunei Darussalam,BRN,2021,2.20486665,74.642,44.0,8.6,5.1,9.8,,60.0,,High/Upper-Mid Income
Brunei Darussalam,BRN,2022,2.20486665,74.551,44.0,8.5,5.0,9.7,,57.0,,High/Upper-Mid Income
Brunei Darussalam,BRN,2023,2.20486665,74.551,44.0,8.5,5.0,9.7,,65.0,,High/Upper-Mid Income
Cambodia,KHM,1999,6.53804731,57.69,606.0,83.1,36.9,113.0,1.2,579.0,24.1,Developing/Lower-Mid Income
Cambodia,KHM,2000,6.53804731,58.625,606.0,79.0,35.5,105.9,1.2,579.0,24.1,Developing/Lower-Mid Income
Cambodia,KHM,2001,7.00522089,59.966,574.0,73.4,33.7,96.5,1.2,566.0,24.1,Developing/Lower-Mid Income
Cambodia,KHM,2002,7.22556973,61.226,497.0,67.3,31.8,86.7,1.2,553.0,21.7,Developing/Lower-Mid Income
Cambodia,KHM,2003,6.93705606,62.523,464.0,61.7,30.1,78.0,1.1,539.0,20.0,Developing/Lower-Mid Income
Cambodia,KHM,2004,7.07894278,63.552,447.0,56.9,28.5,70.7,1.1,525.0,19.3,Developing/Lower-Mid Income
Cambodia,KHM,2005,6.84559298,64.293,382.0,52.9,27.2,64.7,1.0,510.0,18.0,Developing/Lower-Mid Income
Cambodia,KHM,2006,6.11889315,65.059,350.0,49.4,25.9,59.8,1.0,495.0,16.5,Developing/Lower-Mid Income
Cambodia,KHM,2007,4.90875959,65.731,327.0,46.3,24.8,55.5,1.0,481.0,15.0,Developing/Lower-Mid Income
Cambodia,KHM,2008,6.60109425,66.47,309.0,43.2,23.6,51.4,0.9,466.0,13.5,Developing/Lower-Mid Income
Cambodia,KHM,2009,7.58330584,67.444,277.0,40.2,22.5,47.4,0.9,452.0,12.3,Developing/Lower-Mid Income
Cambodia,KHM,2010,6.91169977,67.712,276.0,37.3,21.3,43.8,0.9,438.0,10.7,Developing/Lower-Mid Income
Cambodia,KHM,2011,7.50353098,68.416,252.0,34.6,20.2,40.5,0.9,425.0,9.7,Developing/Lower-Mid Income
Cambodia,KHM,2012,7.26115417,68.915,246.0,32.2,19.2,37.6,0.8,412.0,8.9,Developing/Lower-Mid Income
Cambodia,KHM,2013,7.10386753,69.304,229.0,30.2,18.1,35.2,0.8,398.0,8.7,Developing/Lower-Mid Income
Cambodia,KHM,2014,6.70157766,69.736,228.0,28.6,17.1,33.3,0.8,383.0,8.1,Developing/Lower-Mid Income
Cambodia,KHM,2015,6.19431591,69.873,209.0,27.1,16.2,31.6,0.7,366.0,7.5,Developing/Lower-Mid Income
Cambodia,KHM,2016,6.11648464,70.224,197.0,25.9,15.5,30.1,0.7,348.0,7.0,Developing/Lower-Mid Income
Cambodia,KHM,2017,5.65125847,70.515,204.0,24.7,14.8,28.8,0.7,329.0,6.2,Developing/Lower-Mid Income
Cambodia,KHM,2018,6.06630135,70.561,209.0,23.6,14.2,27.5,0.6,308.0,5.1,Developing/Lower-Mid Income
Cambodia,KHM,2019,6.84972715,70.692,214.0,22.7,13.6,26.5,0.6,287.0,4.6,Developing/Lower-Mid Income
Cambodia,KHM,2020,7.11156559,70.416,218.0,21.9,13.1,25.5,0.6,280.0,4.9,Developing/Lower-Mid Income
Cambodia,KHM,2021,7.53223085,69.584,218.0,21.1,12.6,24.6,0.5,285.0,5.0,Developing/Lower-Mid Income
Cambodia,KHM,2022,7.53223085,69.896,218.0,20.3,12.2,23.7,0.5,321.0,4.6,Developing/Lower-Mid Income
Cambodia,KHM,2023,7.53223085,69.896,218.0,20.3,12.2,23.7,0.5,335.0,4.6,Developing/Lower-Mid Income
Indonesia,IDN,1999,1.85297656,66.221,299.0,42.6,23.8,54.6,0.1,370.0,18.2,Developing/Lower-Mid Income
Indonesia,IDN,2000,1.85297656,66.433,299.0,40.9,22.9,52.0,0.1,370.0,18.2,Developing/Lower-Mid Income
Indonesia,IDN,2001,2.11850214,66.758,284.0,39.3,22.1,49.7,0.1,369.0,18.2,Developing/Lower-Mid Income
Indonesia,IDN,2002,1.98062706,67.134,286.0,37.7,21.4,47.4,0.1,367.0,18.2,Developing/Lower-Mid Income
Indonesia,IDN,2003,2.24837184,67.413,269.0,36.2,20.8,45.3,0.1,366.0,18.0,Developing/Lower-Mid Income
Indonesia,IDN,2004,2.12002277,65.75,284.0,36.9,20.4,49.3,0.2,363.0,18.2,Developing/Lower-Mid Income
Indonesia,IDN,2005,2.53189397,67.649,276.0,33.5,19.8,41.5,0.2,360.0,18.4,Developing/Lower-Mid Income
Indonesia,IDN,2006,2.61946416,67.914,254.0,32.3,19.4,39.8,0.2,357.0,18.2,Developing/Lower-Mid Income
Indonesia,IDN,2007,2.82385564,68.189,251.0,31.0,19.0,38.1,0.2,353.0,17.6,Developing/Lower-Mid Income
Indonesia,IDN,2008,2.54842305,68.226,256.0,29.9,18.6,36.6,0.3,349.0,16.5,Developing/Lower-Mid Income
Indonesia,IDN,2009,2.62324095,68.494,241.0,28.9,17.9,35.1,0.3,345.0,15.1,Developing/Lower-Mid Income
Indonesia,IDN,2010,2.7908783,68.679,219.0,27.8,17.3,33.7,0.3,342.0,13.1,Developing/Lower-Mid Income
Indonesia,IDN,2011,2.98942471,68.823,236.0,26.8,16.6,32.3,0.3,338.0,11.3,Developing/Lower-Mid Income
Indonesia,IDN,2012,2.91427088,68.973,207.0,25.8,15.9,31.1,0.3,335.0,9.8,Developing/Lower-Mid Income
Indonesia,IDN,2013,2.86934805,69.264,194.0,24.9,15.3,29.8,0.4,332.0,8.5,Developing/Lower-Mid Income
Indonesia,IDN,2014,2.96433568,69.533,194.0,24.0,14.6,28.6,0.4,329.0,8.0,Developing/Lower-Mid Income
Indonesia,IDN,2015,2.92428517,69.699,194.0,23.1,14.0,27.5,0.4,325.0,7.3,Developing/Lower-Mid Income
Indonesia,IDN,2016,3.02147198,69.798,194.0,22.3,13.4,26.4,0.4,322.0,6.7,Developing/Lower-Mid Income
Indonesia,IDN,2017,2.90417194,69.936,194.0,21.5,12.9,25.4,0.4,319.0,6.0,Developing/Lower-Mid Income
Indonesia,IDN,2018,2.86757827,70.338,181.0,20.7,12.4,24.5,0.4,316.0,5.9,Developing/Lower-Mid Income
Indonesia,IDN,2019,2.87862897,70.518,158.0,20.0,12.0,23.6,0.4,312.0,6.2,Developing/Lower-Mid Income
Indonesia,IDN,2020,3.42067289,68.808,173.0,19.4,11.5,22.8,0.4,302.0,6.3,Developing/Lower-Mid Income
Indonesia,IDN,2021,3.70636249,67.57,173.0,18.7,11.1,22.0,0.4,342.0,6.8,Developing/Lower-Mid Income
Indonesia,IDN,2022,3.70636249,68.25,173.0,18.1,10.7,21.3,0.3,386.0,7.2,Developing/Lower-Mid Income
Indonesia,IDN,2023,3.70636249,68.25,173.0,18.1,10.7,21.3,0.3,387.0,7.2,Developing/Lower-Mid Income
Lao PDR,LAO,1999,4.27513599,57.873,579.0,78.9,39.0,110.9,0.1,330.0,31.1,Developing/Lower-Mid Income
Lao PDR,LAO,2000,4.27513599,58.378,579.0,76.2,38.1,106.7,0.1,330.0,31.1,Developing/Lower-Mid Income
Lao PDR,LAO,2001,4.29031658,59.07,562.0,73.6,37.2,102.6,0.1,317.0,31.1,Developing/Lower-Mid Income
Lao PDR,LAO,2002,3.69751263,59.534,530.0,71.0,36.3,98.5,0.1,305.0,29.4,Developing/Lower-Mid Income
Lao PDR,LAO,2003,4.47920704,60.031,509.0,68.4,35.3,94.4,0.1,293.0,26.8,Developing/Lower-Mid Income
Lao PDR,LAO,2004,3.54057336,60.293,471.0,65.8,34.4,90.3,0.2,282.0,24.0,Developing/Lower-Mid Income
Lao PDR,LAO,2005,3.33673191,60.98,442.0,63.3,33.4,86.3,0.2,270.0,22.4,Developing/Lower-Mid Income
Lao PDR,LAO,2006,2.93200922,61.493,417.0,60.7,32.4,82.3,0.2,260.0,20.6,Developing/Lower-Mid Income
Lao PDR,LAO,2007,3.15345573,62.084,366.0,58.3,31.5,78.5,0.2,249.0,20.2,Developing/Lower-Mid Income
Lao PDR,LAO,2008,2.76727295,62.603,361.0,55.9,30.5,74.7,0.2,240.0,18.5,Developing/Lower-Mid Income
Lao PDR,LAO,2009,3.46300411,63.273,330.0,53.6,29.5,71.1,0.3,230.0,17.8,Developing/Lower-Mid Income
Lao PDR,LAO,2010,2.91155219,63.973,284.0,51.4,28.6,67.7,0.3,221.0,15.6,Developing/Lower-Mid Income
Lao PDR,LAO,2011,1.94457507,64.736,271.0,49.2,27.7,64.4,0.3,213.0,14.8,Developing/Lower-Mid Income
Lao PDR,LAO,2012,2.07637572,65.355,246.0,47.2,26.8,61.3,0.3,204.0,13.1,Developing/Lower-Mid Income
Lao PDR,LAO,2013,2.39984965,65.718,234.0,45.3,25.9,58.4,0.3,197.0,11.7,Developing/Lower-Mid Income
Lao PDR,LAO,2014,2.29845548,66.361,189.0,43.4,25.1,55.6,0.3,189.0,9.4,Developing/Lower-Mid Income
Lao PDR,LAO,2015,2.45366454,66.67,184.0,41.7,24.3,53.1,0.3,182.0,8.0,Developing/Lower-Mid Income
Lao PDR,LAO,2016,2.36087489,67.167,167.0,40.0,23.7,50.8,0.3,175.0,7.1,Developing/Lower-Mid Income
Lao PDR,LAO,2017,2.52606821,67.434,166.0,38.6,23.0,48.7,0.3,168.0,6.8,Developing/Lower-Mid Income
Lao PDR,LAO,2018,2.24630332,67.634,165.0,37.2,22.5,46.8,0.3,162.0,6.5,Developing/Lower-Mid Income
Lao PDR,LAO,2019,2.60312223,68.138,153.0,36.0,21.8,45.0,0.4,155.0,6.5,Developing/Lower-Mid Income
Lao PDR,LAO,2020,2.05965185,68.497,126.0,34.8,21.3,43.3,0.4,149.0,6.3,Developing/Lower-Mid Income
Lao PDR,LAO,2021,2.74392009,68.061,126.0,33.7,20.8,41.8,0.4,143.0,5.9,Developing/Lower-Mid Income
Lao PDR,LAO,2022,2.74392009,68.999,126.0,32.7,20.3,40.4,0.4,138.0,5.4,Developing/Lower-Mid Income
Lao PDR,LAO,2023,2.74392009,68.999,126.0,32.7,20.3,40.4,0.4,132.0,5.4,Developing/Lower-Mid Income
Malaysia,MYS,1999,2.51463366,72.283,40.0,9.4,5.4,11.0,0.4,75.0,2.5,High/Upper-Mid Income
Malaysia,MYS,2000,2.51463366,72.775,40.0,8.7,5.0,10.1,0.4,75.0,2.5,High/Upper-Mid Income
Malaysia,MYS,2001,2.6753974,73.344,36.0,8.1,4.7,9.4,0.4,72.0,2.5,High/Upper-Mid Income
Malaysia,MYS,2002,2.66876554,73.563,36.0,7.6,4.5,8.9,0.4,68.0,2.8,High/Upper-Mid Income
Malaysia,MYS,2003,2.92417073,73.796,32.0,7.3,4.4,8.6,0.4,73.0,2.9,High/Upper-Mid Income
Malaysia,MYS,2004,2.86016941,73.898,33.0,7.1,4.3,8.3,0.4,68.0,3.0,High/Upper-Mid Income
Malaysia,MYS,2005,2.78692698,74.096,32.0,7.0,4.2,8.2,0.4,69.0,3.2,High/Upper-Mid Income
Malaysia,MYS,2006,3.10897732,74.164,32.0,7.0,4.2,8.1,0.4,70.0,3.3,High/Upper-Mid Income
Malaysia,MYS,2007,3.07041144,74.211,28.0,7.0,4.3,8.1,0.4,69.0,3.5,High/Upper-Mid Income
Malaysia,MYS,2008,3.00692558,74.25,30.0,7.0,4.3,8.1,0.4,72.0,3.6,High/Upper-Mid Income
Malaysia,MYS,2009,3.2610569,74.227,30.0,7.0,4.3,8.1,0.4,72.0,3.7,High/Upper-Mid Income
Malaysia,MYS,2010,3.16474271,74.442,25.0,6.9,4.3,8.1,0.4,75.0,3.5,High/Upper-Mid Income
Malaysia,MYS,2011,3.31451917,74.746,24.0,6.9,4.2,8.1,0.4,80.0,3.4,High/Upper-Mid Income
Malaysia,MYS,2012,3.45786357,74.944,24.0,6.9,4.2,8.1,0.4,86.0,3.4,High/Upper-Mid Income
Malaysia,MYS,2013,3.51276922,75.035,23.0,6.9,4.1,8.1,0.4,91.0,3.6,High/Upper-Mid Income
Malaysia,MYS,2014,3.71036959,75.146,23.0,6.9,4.1,8.1,0.4,93.0,3.7,High/Upper-Mid Income
Malaysia,MYS,2015,3.82201481,75.094,22.0,7.0,4.1,8.1,0.4,90.0,3.5,High/Upper-Mid Income
Malaysia,MYS,2016,3.70085335,75.289,22.0,7.0,4.2,8.2,0.4,94.0,3.0,High/Upper-Mid Income
Malaysia,MYS,2017,3.71472311,75.476,22.0,7.0,4.2,8.2,0.4,94.0,2.7,High/Upper-Mid Income
Malaysia,MYS,2018,3.75944281,75.644,22.0,6.9,4.3,8.1,0.4,92.0,2.5,High/Upper-Mid Income
Malaysia,MYS,2019,3.83991051,75.76,22.0,6.9,4.3,8.0,0.4,92.0,2.5,High/Upper-Mid Income
Malaysia,MYS,2020,4.08395433,75.938,21.0,6.8,4.3,8.0,0.3,90.0,2.5,High/Upper-Mid Income
Malaysia,MYS,2021,4.38380671,74.884,21.0,6.8,4.4,7.9,0.3,97.0,2.5,High/Upper-Mid Income
Malaysia,MYS,2022,4.38380671,76.26,21.0,6.7,4.4,7.8,0.3,111.0,2.5,High/Upper-Mid Income
Malaysia,MYS,2023,4.38380671,76.26,21.0,6.7,4.4,7.8,0.3,122.0,2.5,High/Upper-Mid Income
Myanmar,MMR,1999,2.0,59.881,371.0,66.6,38.9,91.5,0.6,555.0,38.6,Developing/Lower-Mid Income
Myanmar,MMR,2000,2.0,60.155,371.0,65.0,37.8,89.1,0.6,555.0,38.6,Developing/Lower-Mid Income
Myanmar,MMR,2001,2.15,60.416,323.0,63.5,36.8,86.7,0.7,555.0,38.6,Developing/Lower-Mid Income
Myanmar,MMR,2002,2.58,60.725,319.0,62.0,35.7,84.3,0.7,554.0,35.9,Developing/Lower-Mid Income
Myanmar,MMR,2003,2.38,60.98,316.0,60.4,34.7,81.9,0.8,552.0,33.6,Developing/Lower-Mid Income
Myanmar,MMR,2004,2.32,61.25,326.0,58.8,33.7,79.3,0.8,549.0,31.4,Developing/Lower-Mid Income
Myanmar,MMR,2005,2.33,61.599,321.0,57.2,32.7,76.8,0.8,545.0,29.0,Developing/Lower-Mid Income
Myanmar,MMR,2006,2.25,61.893,332.0,55.5,31.9,74.1,0.8,540.0,25.7,Developing/Lower-Mid Income
Myanmar,MMR,2007,2.02,62.371,318.0,53.7,31.0,71.3,0.8,535.0,21.7,Developing/Lower-Mid Income
Myanmar,MMR,2008,2.11,56.506,290.0,64.2,30.7,100.8,0.8,530.0,18.2,Developing/Lower-Mid Income
Myanmar,MMR,2009,2.16,63.155,280.0,50.2,29.3,65.8,0.9,525.0,13.8,Developing/Lower-Mid Income
Myanmar,MMR,2010,1.96,63.329,293.0,48.5,28.5,63.2,0.9,500.0,11.0,Developing/Lower-Mid Income
Myanmar,MMR,2011,1.93,63.901,279.0,46.7,27.8,60.5,0.9,476.0,8.4,Developing/Lower-Mid Income
Myanmar,MMR,2012,2.41,64.141,285.0,45.0,27.1,58.0,0.9,453.0,7.8,Developing/Lower-Mid Income
Myanmar,MMR,2013,3.2,64.815,268.0,43.3,26.4,55.6,0.9,431.0,6.9,Developing/Lower-Mid Income
Myanmar,MMR,2014,4.39,65.056,262.0,41.8,25.7,53.4,0.9,411.0,5.9,Developing/Lower-Mid Income
Myanmar,MMR,2015,5.48,65.561,243.0,40.4,25.1,51.3,0.9,391.0,4.9,Developing/Lower-Mid Income
Myanmar,MMR,2016,5.11,65.685,242.0,39.1,24.4,49.4,0.9,372.0,4.2,Developing/Lower-Mid Income
Myanmar,MMR,2017,5.08,65.843,238.0,37.9,23.8,47.7,0.9,355.0,3.8,Developing/Lower-Mid Income
Myanmar,MMR,2018,4.9,66.465,215.0,36.7,23.2,46.0,0.9,338.0,3.6,Developing/Lower-Mid Income
Myanmar,MMR,2019,4.71,66.61,213.0,35.6,22.6,44.5,0.9,322.0,3.4,Developing/Lower-Mid Income
Myanmar,MMR,2020,4.62,66.797,179.0,34.5,22.1,42.9,0.9,312.0,4.0,Developing/Lower-Mid Income
Myanmar,MMR,2021,5.63,65.672,179.0,33.5,21.6,41.5,0.9,362.0,4.6,Developing/Lower-Mid Income
Myanmar,MMR,2022,5.63,67.256,179.0,32.5,21.1,40.1,0.9,477.0,5.3,Developing/Lower-Mid Income
Myanmar,MMR,2023,5.63,67.256,179.0,32.5,21.1,40.1,0.9,558.0,5.3,Developing/Lower-Mid Income
Philippines,PHL,1999,3.06,69.298,129.0,28.8,16.7,37.8,0.1,590.0,18.8,Developing/Lower-Mid Income
Philippines,PHL,2000,3.06,69.413,129.0,28.2,16.7,36.9,0.1,590.0,18.8,Developing/Lower-Mid Income
Philippines,PHL,2001,2.85,69.614,136.0,27.7,16.5,36.1,0.1,579.0,18.8,Developing/Lower-Mid Income
Philippines,PHL,2002,2.64,69.781,126.0,27.1,16.2,35.3,0.1,569.0,18.6,Developing/Lower-Mid Income
Philippines,PHL,2003,3.08,69.924,125.0,26.6,15.9,34.5,0.1,559.0,17.3,Developing/Lower-Mid Income
Philippines,PHL,2004,3.05,70.037,125.0,26.1,15.6,33.7,0.1,549.0,16.2,Developing/Lower-Mid Income
Philippines,PHL,2005,3.74,70.24,122.0,25.6,15.3,32.9,0.1,539.0,14.6,Developing/Lower-Mid Income
Philippines,PHL,2006,3.78,70.282,121.0,25.1,15.0,32.1,0.1,530.0,13.4,Developing/Lower-Mid Income
Philippines,PHL,2007,3.75,70.483,117.0,24.6,14.6,31.4,0.1,520.0,12.2,Developing/Lower-Mid Income
Philippines,PHL,2008,3.86,70.564,107.0,24.1,14.3,30.8,0.1,524.0,11.3,Developing/Lower-Mid Income
Philippines,PHL,2009,4.16,70.633,105.0,23.7,14.0,30.2,0.1,528.0,12.2,Developing/Lower-Mid Income
Philippines,PHL,2010,4.13,70.754,105.0,23.3,13.8,29.6,0.1,531.0,13.1,Developing/Lower-Mid Income
Philippines,PHL,2011,4.03,70.788,108.0,23.0,13.6,29.1,0.1,535.0,13.6,Developing/Lower-Mid Income
Philippines,PHL,2012,4.18,70.881,104.0,22.7,13.4,28.7,0.1,539.0,12.9,Developing/Lower-Mid Income
Philippines,PHL,2013,4.27,70.835,103.0,22.4,13.3,28.3,0.1,543.0,12.1,Developing/Lower-Mid Income
Philippines,PHL,2014,3.7,71.151,89.0,22.2,13.3,28.1,0.1,546.0,11.4,Developing/Lower-Mid Income
Philippines,PHL,2015,3.9,71.268,88.0,22.1,13.4,27.9,0.1,550.0,10.0,Developing/Lower-Mid Income
Philippines,PHL,2016,3.95,71.387,86.0,22.1,13.5,27.9,0.1,554.0,8.6,Developing/Lower-Mid Income
Philippines,PHL,2017,3.96,71.516,84.0,22.1,13.8,27.9,0.1,554.0,7.1,Developing/Lower-Mid Income
Philippines,PHL,2018,3.95,71.689,82.0,22.1,14.0,28.0,0.2,554.0,6.0,Developing/Lower-Mid Income
Philippines,PHL,2019,4.17,71.865,81.0,22.2,14.3,28.0,0.2,554.0,5.6,Developing/Lower-Mid Income
Philippines,PHL,2020,5.16,72.119,78.0,22.2,14.4,28.0,0.2,535.0,5.8,Developing/Lower-Mid Income
Philippines,PHL,2021,5.87,69.266,78.0,22.1,14.4,27.9,0.2,583.0,6.0,Developing/Lower-Mid Income
Philippines,PHL,2022,5.1,72.187,78.0,21.8,14.2,27.5,0.3,627.0,5.9,Developing/Lower-Mid Income
Philippines,PHL,2023,5.1,72.187,78.0,21.8,14.2,27.5,0.3,643.0,5.9,Developing/Lower-Mid Income
Singapore,SGP,1999,3.343364,77.5512195121951,15.0,3.2,1.7,4.1,,49.0,,High/Upper-Mid Income
Singapore,SGP,2000,3.343364,77.9512195121951,15.0,3.0,1.6,3.8,,49.0,,High/Upper-Mid Income
Singapore,SGP,2001,3.16302657,78.2512195121951,16.0,2.8,1.5,3.6,,43.0,,High/Upper-Mid Income
Singapore,SGP,2002,3.358464,78.5512195121951,14.0,2.7,1.4,3.4,,42.0,,High/Upper-Mid Income
Singapore,SGP,2003,3.60699272,79.0390243902439,14.0,2.5,1.3,3.2,,44.0,,High/Upper-Mid Income
Singapore,SGP,2004,3.15019798,79.490243902439,14.0,2.4,1.3,3.1,,39.0,,High/Upper-Mid Income
Singapore,SGP,2005,3.03367925,79.990243902439,13.0,2.3,1.2,3.0,,37.0,,High/Upper-Mid Income
Singapore,SGP,2006,2.9347465,80.1414634146341,12.0,2.3,1.2,2.9,,35.0,,High/Upper-Mid Income
Singapore,SGP,2007,2.83749056,80.4414634146342,11.0,2.3,1.2,2.9,,34.0,,High/Upper-Mid Income
Singapore,SGP,2008,3.19488454,80.790243902439,11.0,2.2,1.2,2.8,,37.0,,High/Upper-Mid Income
Singapore,SGP,2009,3.39853096,81.2414634146342,8.0,2.2,1.2,2.8,,35.0,,High/Upper-Mid Income
Singapore,SGP,2010,3.20265388,81.5414634146342,8.0,2.2,1.1,2.8,,35.0,,High/Upper-Mid Income
Singapore,SGP,2011,3.15792179,81.7439024390244,8.0,2.2,1.1,2.8,,36.0,,High/Upper-Mid Income
Singapore,SGP,2012,3.32783675,81.9951219512195,8.0,2.2,1.1,2.8,,50.0,,High/Upper-Mid Income
Singapore,SGP,2013,3.68562651,82.2463414634147,7.0,2.2,1.1,2.8,,46.0,,High/Upper-Mid Income
Singapore,SGP,2014,3.87155652,82.4951219512195,8.0,2.2,1.1,2.7,,46.0,,High/Upper-Mid Income
Singapore,SGP,2015,4.18069839,82.7439024390244,8.0,2.2,1.1,2.7,,45.0,,High/Upper-Mid Income
Singapore,SGP,2016,4.38810682,82.8463414634146,7.0,2.2,1.1,2.7,,51.0,,High/Upper-Mid Income
Singapore,SGP,2017,4.36493397,83.0951219512195,7.0,2.1,1.1,2.6,,48.0,,High/Upper-Mid Income
Singapore,SGP,2018,4.07545424,83.2975609756098,7.0,2.1,1.0,2.5,,48.0,,High/Upper-Mid Income
Singapore,SGP,2019,4.39938164,83.5951219512195,6.0,2.0,1.0,2.4,,42.0,,High/Upper-Mid Income
Singapore,SGP,2020,5.71281767,83.5439024390244,7.0,1.9,1.0,2.3,,48.0,,High/Upper-Mid Income
Singapore,SGP,2021,5.56525183,83.0926829268293,7.0,1.9,1.0,2.2,,51.0,,High/Upper-Mid Income
Singapore,SGP,2022,5.56525183,82.8951219512195,7.0,1.8,0.9,2.2,,54.0,,High/Upper-Mid Income
Singapore,SGP,2023,5.56525183,82.8951219512195,7.0,1.8,0.9,2.2,,42.0,,High/Upper-Mid Income
Thailand,THA,1999,3.10125351,72.542,48.0,19.2,12.5,22.5,2.3,241.0,17.4,High/Upper-Mid Income
Thailand,THA,2000,3.10125351,72.316,48.0,18.2,11.8,21.3,2.2,241.0,17.4,High/Upper-Mid Income
Thailand,THA,2001,3.02623773,72.613,48.0,17.2,11.2,20.1,2.2,245.0,17.4,High/Upper-Mid Income
Thailand,THA,2002,3.334723,72.93,40.0,16.3,10.6,19.1,2.1,244.0,16.5,High/Upper-Mid Income
Thailand,THA,2003,3.24312782,73.155,40.0,15.5,10.0,18.1,2.0,240.0,15.2,High/Upper-Mid Income
Thailand,THA,2004,3.13893151,73.08,42.0,14.7,9.5,17.1,2.0,232.0,13.9,High/Upper-Mid Income
Thailand,THA,2005,3.15972233,73.82,40.0,13.9,9.0,16.2,1.9,224.0,12.1,High/Upper-Mid Income
Thailand,THA,2006,3.09970832,74.938,38.0,13.2,8.5,15.3,1.9,215.0,10.8,High/Upper-Mid Income
Thailand,THA,2007,3.19277525,75.187,38.0,12.5,8.0,14.5,1.8,205.0,10.3,High/Upper-Mid Income
Thailand,THA,2008,3.45933938,75.492,37.0,11.8,7.6,13.8,1.8,196.0,10.8,High/Upper-Mid Income
Thailand,THA,2009,3.61939645,75.842,37.0,11.3,7.2,13.1,1.7,188.0,10.4,High/Upper-Mid Income
Thailand,THA,2010,3.39009809,76.131,35.0,10.8,6.9,12.5,1.7,181.0,10.1,High/Upper-Mid Income
Thailand,THA,2011,3.56825495,76.421,34.0,10.3,6.6,12.0,1.6,176.0,9.2,High/Upper-Mid Income
Thailand,THA,2012,3.5229404,76.772,32.0,9.9,6.3,11.5,1.6,172.0,9.1,High/Upper-Mid Income
Thailand,THA,2013,3.45313334,77.083,31.0,9.5,6.1,11.1,1.5,170.0,8.5,High/Upper-Mid Income
Thailand,THA,2014,3.68448091,77.415,31.0,9.2,5.9,10.7,1.5,167.0,7.9,High/Upper-Mid Income
Thailand,THA,2015,3.8522861,77.717,30.0,8.9,5.7,10.3,1.4,163.0,7.4,High/Upper-Mid Income
Thailand,THA,2016,3.93900609,78.049,29.0,8.6,5.4,10.0,1.4,160.0,7.3,High/Upper-Mid Income
Thailand,THA,2017,3.85276842,78.394,29.0,8.3,5.3,9.6,1.3,156.0,7.3,High/Upper-Mid Income
Thailand,THA,2018,3.87040329,78.662,29.0,8.0,5.1,9.3,1.3,153.0,7.0,High/Upper-Mid Income
Thailand,THA,2019,3.78911877,78.975,29.0,7.7,4.9,9.0,1.2,150.0,6.4,High/Upper-Mid Income
Thailand,THA,2020,4.35728741,79.274,29.0,7.4,4.8,8.7,1.2,143.0,6.1,High/Upper-Mid Income
Thailand,THA,2021,5.16038752,78.715,29.0,7.2,4.6,8.4,1.1,141.0,5.8,High/Upper-Mid Income
Thailand,THA,2022,5.16038752,79.68,29.0,7.0,4.5,8.1,1.1,149.0,5.6,High/Upper-Mid Income
Thailand,THA,2023,5.16038752,79.68,29.0,7.0,4.5,8.1,1.1,157.0,5.6,High/Upper-Mid Income
Viet Nam,VNM,1999,4.10752726,72.317,88.0,24.6,15.8,31.4,0.2,296.0,19.5,Developing/Lower-Mid Income
Viet Nam,VNM,2000,4.10752726,72.462,88.0,23.6,15.0,30.0,0.3,296.0,19.5,Developing/Lower-Mid Income
Viet Nam,VNM,2001,4.80107498,72.647,76.0,22.7,14.3,28.7,0.3,290.0,19.5,Developing/Lower-Mid Income
Viet Nam,VNM,2002,3.87075853,72.801,72.0,21.8,13.7,27.6,0.3,284.0,17.7,Developing/Lower-Mid Income
Viet Nam,VNM,2003,3.94229889,72.98,70.0,21.1,13.2,26.6,0.3,278.0,16.1,Developing/Lower-Mid Income
Viet Nam,VNM,2004,4.08791971,73.135,67.0,20.5,12.8,25.8,0.3,272.0,15.4,Developing/Lower-Mid Income
Viet Nam,VNM,2005,4.31821251,73.271,66.0,20.0,12.5,25.1,0.3,266.0,15.3,Developing/Lower-Mid Income
Viet Nam,VNM,2006,4.56979847,73.319,66.0,19.5,12.3,24.5,0.3,260.0,15.0,Developing/Lower-Mid Income
Viet Nam,VNM,2007,4.62917614,73.436,64.0,19.2,12.1,24.0,0.3,253.0,13.9,Developing/Lower-Mid Income
Viet Nam,VNM,2008,4.36028337,73.411,62.0,18.9,12.0,23.6,0.4,246.0,12.7,Developing/Lower-Mid Income
Viet Nam,VNM,2009,4.48502922,73.498,61.0,18.7,11.8,23.3,0.4,239.0,11.4,Developing/Lower-Mid Income
Viet Nam,VNM,2010,5.07146072,73.513,60.0,18.4,11.7,23.1,0.4,231.0,10.5,Developing/Lower-Mid Income
Viet Nam,VNM,2011,4.97468519,73.692,58.0,18.2,11.6,22.8,0.4,225.0,9.3,Developing/Lower-Mid Income
Viet Nam,VNM,2012,5.00178242,73.704,56.0,18.0,11.5,22.6,0.4,218.0,8.8,Developing/Lower-Mid Income
Viet Nam,VNM,2013,4.41233158,73.775,54.0,17.8,11.4,22.3,0.4,212.0,8.3,Developing/Lower-Mid Income
Viet Nam,VNM,2014,4.69078779,73.855,53.0,17.7,11.3,22.1,0.4,205.0,8.2,Developing/Lower-Mid Income
Viet Nam,VNM,2015,4.71140909,73.876,52.0,17.5,11.2,21.9,0.4,199.0,7.8,Developing/Lower-Mid Income
Viet Nam,VNM,2016,4.86994743,73.938,51.0,17.3,11.1,21.7,0.4,193.0,7.5,Developing/Lower-Mid Income
Viet Nam,VNM,2017,4.99014759,73.963,52.0,17.2,11.0,21.5,0.4,188.0,7.0,Developing/Lower-Mid Income
Viet Nam,VNM,2018,5.02678823,73.976,51.0,17.0,10.9,21.3,0.4,182.0,6.6,Developing/Lower-Mid Income
Viet Nam,VNM,2019,4.97407484,74.093,50.0,16.8,10.8,21.1,0.4,176.0,6.0,Developing/Lower-Mid Income
Viet Nam,VNM,2020,4.30061865,75.378,46.0,16.7,10.7,20.9,0.3,172.0,5.5,Developing/Lower-Mid Income
Viet Nam,VNM,2021,4.59346437,73.618,46.0,16.5,10.5,20.6,0.3,169.0,5.2,Developing/Lower-Mid Income
Viet Nam,VNM,2022,4.59346437,74.58,46.0,16.2,10.4,20.3,0.3,178.0,5.2,Developing/Lower-Mid Income
Viet Nam,VNM,2023,4.59346437,74.58,46.0,16.2,10.4,20.3,0.3,182.0,5.2,Developing/Lower-Mid Income
